<?xml version="1.0" encoding="UTF-8" standalone="no"?>
<game accelFramerate="0" adsPosition="0" aheight="320" androidMinVersion="7" androidTargetVersion="10" antialias="false" appName="MazeFinity" appType="0" atlasBindingDefault="false" author="" authorURL="" autoRotate="false" awidth="480" backgroundColor="-15592942" barBackgroundColor="-12303292" barColor="-7829368" barHeight="8" barLocation="0" barOffsetX="0" barOffsetXPhone="0" barOffsetXTablet="0" barOffsetY="0" barOffsetYPhone="0" barOffsetYTablet="0" barScalePhone="1.0" barScaleTablet="2.0" barWidth="120" bindAllAtlasesDefault="false" borderColor="-12303292" borderThickness="2" bundleID="com.christianvaughngames.mazefinity" bundleVersion="1.0" checksum="none" cws-desc="" cws-icon128="" cws-icon16="" cws-name="" cws-version="" default="92" defaultFramerate="60" defaultSceneID="92" desc="A game about Mazes. Sadly there is not unlimited levels " desktopScale="1x" desktopScaleMode="1" disableBackButton="true" enableGPG="false" enablePurchases="false" format="3.4.0" gameid="-1" googleAppID="" haxeExtras="" height="320" internalVersion="1" internalVersionIOS="1" kit="false" lockURL="" macBundleID="com.yourcompany.gamename" maxScaleAndroid="4x" maxScaleDesktop="4x" maxScaleIOS="4x" maxScaleWeb="4x" metroColor="-12566464" multitouch="true" name="Mazefinity" openflExtras="" openflLegacy="true" orientation="1" physicsMode="0" pixelsnap="false" preloaderstyle="0" products="" scale="1" scaleModeAndroid="3" scaleModeDesktop="0" scaleModeIOS="3" scaleModeWeb="0" showAds="false" simulatorOS="0.0" simulatorTargetOS="0.0" splashStyle="0" startInFullScreenDesktop="false" startInFullScreenWeb="false" swfHeight="0" swfWidth="0" swfX="0" swfY="0" swfloc="" telemetry="false" testAds="false" useGlossyIcon="false" webScale="1x" width="480" windowsAppName="" windowsAuthor="" windowsBundleID="com.yourcompany.gamename">
    <exts>
        <e enabled="false" id="date"/>
        <e enabled="false" id="hud-console"/>
        <e enabled="false" id="test"/>
        <e enabled="false" id="UDP Extension"/>
        <e enabled="false" id="test-native"/>
        <e enabled="false" id="spine"/>
        <e enabled="false" id="label"/>
        <e enabled="false" id="attribute-saving"/>
        <e enabled="false" id="tileapi"/>
        <e enabled="false" id="test-flash"/>
        <e enabled="false" id="WebSocket"/>
        <e enabled="false" id="dialog"/>
        <e enabled="false" id="Lobby"/>
        <e enabled="false" id="Saving To Cloud"/>
        <e enabled="false" id="decision-making"/>
        <e enabled="false" id="myplaygames"/>
        <e enabled="false" id="Network"/>
        <e enabled="false" id="Online Messages"/>
        <e enabled="false" id="Online ScoreBoard"/>
        <e enabled="false" id="Turn"/>
        <e enabled="false" id="list-utils"/>
        <e enabled="false" id="admob"/>
        <e enabled="true" id="myjoystick"/>
    </exts>
    <scales>
        <scale detailed="1x" id="0" name="1x" size="1.0"/>
        <scale detailed="1.5x" id="1" name="1.5x" size="1.5"/>
        <scale detailed="2x" id="2" name="2x" size="2.0"/>
        <scale detailed="3x" id="3" name="3x" size="3.0"/>
        <scale detailed="4x" id="4" name="4x" size="4.0"/>
    </scales>
    <projectScales>
        <scale enabled="true" name="1x"/>
        <scale enabled="true" name="1.5x"/>
        <scale enabled="true" name="2x"/>
        <scale enabled="true" name="3x"/>
        <scale enabled="true" name="4x"/>
    </projectScales>
    <webScales>
        <scale enabled="true" name="1x"/>
        <scale enabled="true" name="1.5x"/>
        <scale enabled="true" name="2x"/>
        <scale enabled="false" name="3x"/>
        <scale enabled="true" name="4x"/>
    </webScales>
    <desktopScales>
        <scale enabled="true" name="1x"/>
        <scale enabled="true" name="1.5x"/>
        <scale enabled="true" name="2x"/>
        <scale enabled="false" name="3x"/>
        <scale enabled="true" name="4x"/>
    </desktopScales>
    <iOSScales>
        <scale enabled="true" name="1x"/>
        <scale enabled="false" name="1.5x"/>
        <scale enabled="true" name="2x"/>
        <scale enabled="false" name="3x"/>
        <scale enabled="true" name="4x"/>
    </iOSScales>
    <androidScales>
        <scale enabled="true" name="1x"/>
        <scale enabled="false" name="1.5x"/>
        <scale enabled="true" name="2x"/>
        <scale enabled="true" name="3x"/>
        <scale enabled="true" name="4x"/>
    </androidScales>
    <folders>
        <group desc="" id="0" name="Pause Menu Crap" type="actortype">
            <r id="192"/>
            <r id="83"/>
            <r id="67"/>
            <r id="85"/>
        </group>
        <group desc="" id="1" name="World1" type="scene">
            <r id="32"/>
            <r id="33"/>
            <r id="34"/>
            <r id="3"/>
            <r id="35"/>
            <r id="36"/>
            <r id="37"/>
            <r id="6"/>
            <r id="38"/>
            <r id="7"/>
            <r id="8"/>
            <r id="15"/>
            <r id="29"/>
            <r id="30"/>
            <r id="31"/>
        </group>
        <group desc="" id="2" name="Menus" type="scene">
            <r id="18"/>
            <r id="20"/>
            <r id="24"/>
            <r id="92"/>
        </group>
        <group desc="" id="4" name="Start Menu" type="actortype">
            <r id="98"/>
            <r id="130"/>
            <r id="100"/>
            <r id="132"/>
            <r id="196"/>
            <r id="69"/>
            <r id="102"/>
            <r id="134"/>
            <r id="198"/>
            <r id="136"/>
            <r id="73"/>
            <r id="174"/>
            <r id="371"/>
            <r id="405"/>
            <r id="89"/>
            <r id="91"/>
            <r id="188"/>
            <r id="221"/>
            <r id="95"/>
            <r id="319"/>
            <r id="351"/>
        </group>
        <group desc="" id="5" name="PLAYAS" type="actortype">
            <r id="0"/>
            <r id="113"/>
            <r id="115"/>
            <r id="117"/>
            <r id="119"/>
            <r id="105"/>
            <r id="121"/>
            <r id="107"/>
            <r id="123"/>
            <r id="109"/>
            <r id="286"/>
            <r id="111"/>
        </group>
        <group desc="" id="6" name="World1 Menus" type="actortype">
            <r id="291"/>
            <r id="293"/>
            <r id="295"/>
            <r id="297"/>
            <r id="299"/>
            <r id="301"/>
            <r id="303"/>
            <r id="144"/>
            <r id="305"/>
            <r id="307"/>
            <r id="309"/>
            <r id="311"/>
            <r id="313"/>
            <r id="315"/>
            <r id="317"/>
        </group>
        <group desc="" id="7" name="World buttons" type="actortype">
            <r id="176"/>
            <r id="178"/>
            <r id="180"/>
            <r id="182"/>
            <r id="184"/>
        </group>
        <group desc="" id="8" name="For Sure In USe" type="snippet">
            <r id="48"/>
            <r id="22"/>
        </group>
        <group desc="" id="9" name="Pause Menu Functions" type="snippet">
            <r id="72"/>
            <r id="157"/>
            <r id="159"/>
        </group>
        <group desc="" id="11" name="World2" type="scene">
            <r id="47"/>
            <r id="48"/>
            <r id="49"/>
            <r id="50"/>
            <r id="51"/>
            <r id="52"/>
            <r id="53"/>
            <r id="54"/>
            <r id="55"/>
            <r id="56"/>
            <r id="57"/>
            <r id="58"/>
            <r id="59"/>
            <r id="60"/>
            <r id="61"/>
        </group>
        <group desc="" id="12" name="World3" type="scene">
            <r id="64"/>
            <r id="65"/>
            <r id="66"/>
            <r id="67"/>
            <r id="68"/>
            <r id="69"/>
            <r id="70"/>
            <r id="71"/>
            <r id="72"/>
            <r id="73"/>
            <r id="74"/>
            <r id="75"/>
            <r id="76"/>
            <r id="62"/>
            <r id="63"/>
        </group>
        <group desc="" id="13" name="World4" type="scene">
            <r id="96"/>
            <r id="97"/>
            <r id="98"/>
            <r id="99"/>
            <r id="100"/>
            <r id="101"/>
            <r id="102"/>
            <r id="77"/>
            <r id="78"/>
            <r id="79"/>
            <r id="80"/>
            <r id="81"/>
            <r id="82"/>
            <r id="83"/>
            <r id="95"/>
        </group>
        <group desc="" id="14" name="World 2 Menus" type="actortype">
            <r id="321"/>
            <r id="323"/>
            <r id="325"/>
            <r id="327"/>
            <r id="329"/>
            <r id="331"/>
            <r id="333"/>
            <r id="335"/>
            <r id="337"/>
            <r id="339"/>
            <r id="341"/>
            <r id="343"/>
            <r id="345"/>
            <r id="347"/>
            <r id="349"/>
        </group>
        <group desc="" id="15" name="World 3 Menus" type="actortype">
            <r id="385"/>
            <r id="387"/>
            <r id="389"/>
            <r id="391"/>
            <r id="393"/>
            <r id="395"/>
            <r id="397"/>
            <r id="399"/>
            <r id="401"/>
            <r id="403"/>
            <r id="375"/>
            <r id="377"/>
            <r id="379"/>
            <r id="381"/>
            <r id="383"/>
        </group>
        <group desc="" id="16" name="World 4 Menus" type="actortype">
            <r id="449"/>
            <r id="451"/>
            <r id="453"/>
            <r id="455"/>
            <r id="457"/>
            <r id="459"/>
            <r id="461"/>
            <r id="463"/>
            <r id="437"/>
            <r id="407"/>
            <r id="439"/>
            <r id="441"/>
            <r id="443"/>
            <r id="445"/>
            <r id="447"/>
        </group>
        <group desc="" id="17" name="Level Select Menus" type="scene">
            <r id="104"/>
            <r id="25"/>
            <r id="26"/>
            <r id="93"/>
            <r id="94"/>
        </group>
        <group desc="" id="18" name="World5" type="scene">
            <r id="103"/>
            <r id="105"/>
            <r id="106"/>
            <r id="107"/>
            <r id="108"/>
            <r id="109"/>
            <r id="110"/>
            <r id="111"/>
            <r id="112"/>
            <r id="113"/>
            <r id="114"/>
            <r id="115"/>
            <r id="116"/>
            <r id="117"/>
            <r id="118"/>
        </group>
    </folders>
    <packs/>
    <groups>
        <group desc="" id="4" name="Pause"/>
    </groups>
    <cgroups>
        <cgroup g1="0" g2="1"/>
        <cgroup g1="0" g2="3"/>
        <cgroup g1="1" g2="3"/>
        <cgroup g1="3" g2="3"/>
    </cgroups>
    <input>
        <key id="1" keyname="LEFT" name="left" vk="37" vks="37"/>
        <key id="3" keyname="DOWN" name="down" vk="40" vks="40"/>
        <key id="5" keyname="RIGHT" name="right" vk="39" vks="39"/>
        <key id="6" keyname="UP" name="up" vk="38" vks="38"/>
        <key id="7" keyname="A" name="Action 1" vk="65" vks="65,32"/>
    </input>
    <attcats>
        <cat id="-1" name="Default"/>
    </attcats>
    <props/>
    <attributes>
        <boolean cid="-1" id="0" name="firstTime" save="true" value="true"/>
        <number cid="-1" id="1" name="Speed" save="true" value="0.0"/>
        <number cid="-1" id="5" name="HighestCompletedLevel" save="true" value="0.0"/>
        <boolean cid="-1" id="6" name="NewPlayer" save="true" value="true"/>
        <text cid="-1" id="2" name="Sound Off or on" save="true" value="0"/>
    </attributes>
    <collisions>
        <poly id="1" name="Square" pts="0.0,0.0#0.0,1.0#1.0,1.0#1.0,0.0"/>
    </collisions>
    <autotileFormats/>
    <atlases>
        <atlas allScenes="true" desc="" dirty="true" id="0" members="0,31,47,62,63,67,69,73,83,85,89,91,95,97,98,100,102,104,105,107,109,111,113,115,117,119,121,123,127,128,129,130,132,134,136,139,144,174,176,178,180,182,184,188,192,196,198,221,243,285,286,288,291,293,295,297,299,301,303,305,307,309,311,313,315,317,319,321,323,325,327,329,331,333,335,337,339,341,343,345,347,349,351,371,375,377,379,381,383,385,387,389,391,393,395,397,399,401,403,405,407,437,439,441,443,445,447,449,451,453,455,457,459,461,463," name="Main Atlas (Default)" pvr="false" resize="0" target="0"/>
        <atlas allScenes="true" desc="" dirty="true" id="1" members="" name="Atlas 2" pvr="false" resize="0" target="0"/>
        <atlas allScenes="true" desc="" dirty="true" id="2" members="" name="Atlas 3" pvr="false" resize="0" target="0"/>
        <atlas allScenes="true" desc="" dirty="true" id="3" members="" name="Atlas 4" pvr="false" resize="0" target="0"/>
        <atlas allScenes="true" desc="" dirty="true" id="4" members="" name="Atlas 5" pvr="false" resize="0" target="0"/>
        <atlas allScenes="true" desc="" dirty="true" id="5" members="" name="Atlas 6" pvr="false" resize="0" target="0"/>
        <atlas allScenes="true" desc="" dirty="true" id="6" members="" name="Atlas 7" pvr="false" resize="0" target="0"/>
        <atlas allScenes="true" desc="" dirty="true" id="7" members="" name="Atlas 8" pvr="false" resize="0" target="0"/>
        <atlas allScenes="true" desc="" dirty="true" id="8" members="" name="Atlas 9" pvr="false" resize="0" target="0"/>
        <atlas allScenes="true" desc="" dirty="true" id="9" members="" name="Atlas 10" pvr="false" resize="0" target="0"/>
        <atlas allScenes="true" desc="" dirty="true" id="10" members="" name="Atlas 11" pvr="false" resize="0" target="0"/>
        <atlas allScenes="true" desc="" dirty="true" id="11" members="" name="Atlas 12" pvr="false" resize="0" target="0"/>
        <atlas allScenes="true" desc="" dirty="true" id="12" members="" name="Atlas 13" pvr="false" resize="0" target="0"/>
        <atlas allScenes="true" desc="" dirty="true" id="13" members="" name="Atlas 14" pvr="false" resize="0" target="0"/>
        <atlas allScenes="true" desc="" dirty="true" id="14" members="" name="Atlas 15" pvr="false" resize="0" target="0"/>
        <atlas allScenes="true" desc="" dirty="true" id="15" members="" name="Atlas 16" pvr="false" resize="0" target="0"/>
        <atlas allScenes="true" desc="" dirty="true" id="16" members="" name="Atlas 17" pvr="false" resize="0" target="0"/>
        <atlas allScenes="true" desc="" dirty="true" id="17" members="" name="Atlas 18" pvr="false" resize="0" target="0"/>
        <atlas allScenes="true" desc="" dirty="true" id="18" members="" name="Atlas 19" pvr="false" resize="0" target="0"/>
        <atlas allScenes="true" desc="" dirty="true" id="19" members="" name="Atlas 20" pvr="false" resize="0" target="0"/>
        <atlas allScenes="true" desc="" dirty="true" id="20" members="" name="Atlas 21" pvr="false" resize="0" target="0"/>
        <atlas allScenes="true" desc="" dirty="true" id="21" members="" name="Atlas 22" pvr="false" resize="0" target="0"/>
        <atlas allScenes="true" desc="" dirty="true" id="22" members="" name="Atlas 23" pvr="false" resize="0" target="0"/>
        <atlas allScenes="true" desc="" dirty="true" id="23" members="" name="Atlas 24" pvr="false" resize="0" target="0"/>
        <atlas allScenes="true" desc="" dirty="true" id="24" members="" name="Atlas 25" pvr="false" resize="0" target="0"/>
        <atlas allScenes="true" desc="" dirty="true" id="25" members="" name="Atlas 26" pvr="false" resize="0" target="0"/>
        <atlas allScenes="true" desc="" dirty="true" id="26" members="" name="Atlas 27" pvr="false" resize="0" target="0"/>
        <atlas allScenes="true" desc="" dirty="true" id="27" members="" name="Atlas 28" pvr="false" resize="0" target="0"/>
        <atlas allScenes="true" desc="" dirty="true" id="28" members="" name="Atlas 29" pvr="false" resize="0" target="0"/>
        <atlas allScenes="true" desc="" dirty="true" id="29" members="" name="Atlas 30" pvr="false" resize="0" target="0"/>
        <atlas allScenes="true" desc="" dirty="true" id="30" members="" name="Atlas 31" pvr="false" resize="0" target="0"/>
        <atlas allScenes="true" desc="" dirty="true" id="31" members="" name="Atlas 32" pvr="false" resize="0" target="0"/>
    </atlases>
    <libraries/>
</game>
