<?xml version="1.0" encoding="UTF-8" standalone="no"?>
<scene depth="2" desc="" eventsnippetid="186" extheight="544" extwidth="736" extx="-32" exty="-32" format="3.4.0" gravx="-0.0" gravy="0.0" height="480" id="29" name="Maze 6" revision="" savecount="0" tiled="1" tileh="32" tilew="32" type="standard" width="672">
    <layers>
        <color-bg blue="255" green="255" red="255"/>
        <layer blendMode="normal" color="100,168,234" id="0" locked="false" name="Floor" opacity="100" order="1" scrollFactorX="1.0" scrollFactorY="1.0" visible="true"/>
        <layer blendMode="normal" color="0,255,0" id="1" locked="false" name="Layer 1" opacity="100" order="0" scrollFactorX="1.0" scrollFactorY="1.0" visible="true"/>
    </layers>
    <joints/>
    <regions>
        <region b="64" g="64" h="24" id="0" name="Region 0" pts="4,-12.5,12.5,12.5,12.5,12.5,-12.5,-12.5,-12.5" r="64" type="box" w="24" x="612" y="416"/>
    </regions>
    <terrainRegions/>
    <actors>
        <actor a="0.0" aid="1" c="false" group="0" id="105" name="Green 1" sx="1.0" sy="1.0" x="32" y="32" z="1"/>
    </actors>
    <snippets>
        <s enabled="true" id="6">
            <prop id="1" list="0" val="0"/>
            <prop id="2" list="0" val="30"/>
            <prop id="4" list="0" val="1"/>
            <prop id="5" list="0" val="true"/>
            <prop id="6" list="0" val="6"/>
        </s>
        <s enabled="true" id="151">
            <prop id="1" list="0" val="-1"/>
            <prop id="2" list="0" val="-1"/>
            <prop id="3" list="0" val="-1"/>
            <prop id="5" list="0" val="-1"/>
            <prop id="6" list="0" val="-1"/>
            <prop id="7" list="0" val="-1"/>
            <prop id="8" list="0" val="-1"/>
            <prop id="9" list="0" val="-1"/>
        </s>
        <s enabled="true" id="45"/>
    </snippets>
    <terrain>
        <p pts="94,608.0,416.0,608.0,320.0,544.0,320.0,544.0,288.0,608.0,288.0,608.0,0.0,64.0,0.0,64.0,96.0,96.0,96.0,96.0,32.0,576.0,32.0,576.0,64.0,448.0,64.0,448.0,96.0,576.0,96.0,576.0,256.0,512.0,256.0,512.0,352.0,576.0,352.0,576.0,384.0,480.0,384.0,480.0,160.0,512.0,160.0,512.0,224.0,544.0,224.0,544.0,128.0,448.0,128.0,448.0,320.0,352.0,320.0,352.0,288.0,416.0,288.0,416.0,128.0,320.0,128.0,320.0,160.0,384.0,160.0,384.0,256.0,352.0,256.0,352.0,192.0,320.0,192.0,320.0,256.0,288.0,256.0,288.0,192.0,256.0,192.0,256.0,288.0,320.0,288.0,320.0,384.0,288.0,384.0,288.0,320.0,224.0,320.0,224.0,160.0,288.0,160.0,288.0,96.0,416.0,96.0,416.0,64.0,256.0,64.0,256.0,128.0,224.0,128.0,224.0,64.0,128.0,64.0,128.0,192.0,64.0,192.0,64.0,384.0,32.0,384.0,32.0,160.0,96.0,160.0,96.0,128.0,32.0,128.0,32.0,0.0,0.0,0.0,0.0,416.0,224.0,416.0,224.0,384.0,96.0,384.0,96.0,224.0,160.0,224.0,160.0,96.0,192.0,96.0,192.0,256.0,128.0,256.0,128.0,352.0,160.0,352.0,160.0,288.0,192.0,288.0,192.0,352.0,256.0,352.0,256.0,416.0,352.0,416.0,352.0,352.0,384.0,352.0,384.0,416.0,416.0,416.0,416.0,352.0,448.0,352.0,448.0,416.0" x="32.0" y="32.0"/>
        <p pts="4,672.0,480.0,0.0,480.0,0.0,0.0,672.0,0.0" x="0.0" y="0.0"/>
    </terrain>
    <atlases members="" retainAtlases="true"/>
</scene>
