<?xml version="1.0" encoding="UTF-8" standalone="no"?>
<scene depth="2" desc="" eventsnippetid="346" extheight="800" extwidth="992" extx="-32" exty="-32" format="3.4.0" gravx="-0.0" gravy="0.0" height="736" id="118" name="Level 73 Copy 2" revision="" savecount="0" tiled="1" tileh="32" tilew="32" type="standard" width="928">
    <layers>
        <color-bg blue="255" green="255" red="255"/>
        <layer blendMode="normal" color="0,255,0" id="1" locked="false" name="Floor" opacity="100" order="1" scrollFactorX="1.0" scrollFactorY="1.0" visible="true"/>
        <layer blendMode="normal" color="64,64,64" id="2" locked="false" name="Walls" opacity="100" order="0" scrollFactorX="1.0" scrollFactorY="1.0" visible="true"/>
    </layers>
    <joints/>
    <regions/>
    <terrainRegions/>
    <actors/>
    <snippets>
        <s enabled="true" id="6">
            <prop id="1" list="0" val="-1"/>
            <prop id="2" list="0" val="-1"/>
            <prop id="4" list="0" val="-1"/>
            <prop id="5" list="0" val="true"/>
            <prop id="6" list="0" val="51"/>
        </s>
        <s enabled="true" id="151">
            <prop id="1" list="0" val="-1"/>
            <prop id="2" list="0" val="-1"/>
            <prop id="3" list="0" val="-1"/>
            <prop id="5" list="0" val="-1"/>
            <prop id="6" list="0" val="-1"/>
            <prop id="7" list="0" val="-1"/>
            <prop id="8" list="0" val="-1"/>
            <prop id="9" list="0" val="-1"/>
        </s>
        <s enabled="true" id="45"/>
    </snippets>
    <terrain>
        <p pts="4,864.0,672.0,864.0,0.0,0.0,0.0,0.0,672.0" x="32.0" y="32.0"/>
        <p pts="4,0.0,736.0,0.0,0.0,928.0,0.0,928.0,736.0" x="0.0" y="0.0"/>
    </terrain>
    <atlases members="" retainAtlases="true"/>
</scene>
