<?xml version="1.0" encoding="UTF-8" standalone="no"?>
<scene depth="1" desc="" eventsnippetid="256" extheight="384" extwidth="544" extx="-32" exty="-32" format="3.4.0" gravx="-0.0" gravy="0.0" height="320" id="92" name="Splash Screen" revision="" savecount="0" tiled="1" tileh="32" tilew="32" type="standard" width="480">
    <layers>
        <color-bg blue="255" green="255" red="255"/>
        <layer blendMode="normal" color="100,168,234" id="0" locked="false" name="Layer 0" opacity="100" order="1" scrollFactorX="1.0" scrollFactorY="1.0" visible="true"/>
        <background blendMode="normal" customScrollFactor="false" id="1" locked="true" name="SPlashScreen" opacity="100" order="0" rid="288" scrollFactorX="1.0" scrollFactorY="1.0" visible="true"/>
    </layers>
    <joints/>
    <regions/>
    <terrainRegions/>
    <actors/>
    <snippets/>
    <terrain/>
    <atlases members="" retainAtlases="true"/>
</scene>
