<?xml version="1.0" encoding="UTF-8" standalone="no"?>
<scene depth="1" desc="" eventsnippetid="114" extheight="384" extwidth="544" extx="-32" exty="-32" format="3.4.0" gravx="-0.0" gravy="0.0" height="320" id="24" name="Credits scene" revision="" savecount="0" tiled="1" tileh="32" tilew="32" type="standard" width="480">
    <layers>
        <color-bg blue="255" green="255" red="255"/>
        <layer blendMode="normal" color="100,168,234" id="0" locked="false" name="Layer 0" opacity="100" order="0" scrollFactorX="1.0" scrollFactorY="1.0" visible="true"/>
    </layers>
    <joints/>
    <regions/>
    <terrainRegions/>
    <actors>
        <actor a="0.0" aid="11" c="false" group="3" id="134" name="Resume Copy 11" sx="1.0" sy="1.0" x="416" y="1" z="0"/>
        <actor a="0.0" aid="12" c="false" group="3" id="69" name="Facebook 12" sx="1.0" sy="1.0" x="87" y="240" z="0"/>
        <actor a="0.0" aid="13" c="false" group="3" id="136" name="Twiter 13" sx="1.0" sy="1.0" x="304" y="240" z="0"/>
        <actor a="0.0" aid="14" c="false" group="3" id="221" name="Company Logo 14" sx="1.0" sy="1.0" x="10" y="46" z="0"/>
    </actors>
    <snippets/>
    <terrain/>
    <atlases members="" retainAtlases="true"/>
</scene>
