<?xml version="1.0" encoding="UTF-8" standalone="no"?>
<scene depth="3" desc="" eventsnippetid="34" extheight="544" extwidth="736" extx="-32" exty="-32" format="3.4.0" gravx="-0.0" gravy="0.0" height="480" id="6" name="Maze 3" revision="" savecount="0" tiled="1" tileh="32" tilew="32" type="standard" width="672">
    <layers>
        <color-bg blue="255" green="255" red="255"/>
        <layer blendMode="normal" color="255,200,0" id="3" locked="false" name="Layer 3" opacity="100" order="2" scrollFactorX="1.0" scrollFactorY="1.0" visible="true"/>
        <layer blendMode="normal" color="0,255,0" id="2" locked="false" name="Floor" opacity="100" order="1" scrollFactorX="1.0" scrollFactorY="1.0" visible="true"/>
        <layer blendMode="normal" color="0,0,255" id="1" locked="false" name="Roof" opacity="100" order="0" scrollFactorX="1.0" scrollFactorY="1.0" visible="true"/>
    </layers>
    <joints/>
    <regions>
        <region b="64" g="64" h="31" id="0" name="Region 0" pts="4,20.0,0.0,20.0,31.0,0.0,31.0,0.0,0.0" r="64" type="box" w="20" x="36" y="30"/>
    </regions>
    <terrainRegions/>
    <actors>
        <actor a="0.0" aid="1" c="false" group="0" id="105" name="Green 1" sx="1.0" sy="1.0" x="608" y="416" z="2"/>
    </actors>
    <snippets>
        <s enabled="true" id="6">
            <prop id="1" list="0" val="0"/>
            <prop id="2" list="0" val="7"/>
            <prop id="3" list="0" val="false"/>
            <prop id="4" list="0" val="1"/>
            <prop id="5" list="0" val="true"/>
            <prop id="6" list="0" val="3"/>
        </s>
        <s enabled="true" id="151">
            <prop id="1" list="0" val="-1"/>
            <prop id="2" list="0" val="-1"/>
            <prop id="3" list="0" val="-1"/>
            <prop id="5" list="0" val="-1"/>
            <prop id="6" list="0" val="-1"/>
            <prop id="7" list="0" val="-1"/>
            <prop id="8" list="0" val="-1"/>
            <prop id="9" list="0" val="-1"/>
        </s>
        <s enabled="true" id="45"/>
    </snippets>
    <terrain>
        <p pts="112,608.0,352.0,608.0,256.0,576.0,256.0,576.0,320.0,544.0,320.0,544.0,224.0,608.0,224.0,608.0,0.0,576.0,0.0,576.0,192.0,544.0,192.0,544.0,0.0,64.0,0.0,64.0,64.0,32.0,64.0,32.0,0.0,0.0,0.0,0.0,96.0,96.0,96.0,96.0,32.0,128.0,32.0,128.0,96.0,224.0,96.0,224.0,64.0,160.0,64.0,160.0,32.0,256.0,32.0,256.0,96.0,288.0,96.0,288.0,32.0,384.0,32.0,384.0,64.0,320.0,64.0,320.0,128.0,256.0,128.0,256.0,160.0,352.0,160.0,352.0,96.0,416.0,96.0,416.0,32.0,448.0,32.0,448.0,160.0,480.0,160.0,480.0,32.0,512.0,32.0,512.0,256.0,480.0,256.0,480.0,192.0,416.0,192.0,416.0,128.0,384.0,128.0,384.0,256.0,224.0,256.0,224.0,224.0,352.0,224.0,352.0,192.0,224.0,192.0,224.0,128.0,192.0,128.0,192.0,192.0,160.0,192.0,160.0,128.0,64.0,128.0,64.0,224.0,96.0,224.0,96.0,160.0,128.0,160.0,128.0,224.0,192.0,224.0,192.0,288.0,320.0,288.0,320.0,320.0,192.0,320.0,192.0,352.0,320.0,352.0,320.0,384.0,160.0,384.0,160.0,256.0,32.0,256.0,32.0,128.0,0.0,128.0,0.0,288.0,128.0,288.0,128.0,384.0,96.0,384.0,96.0,320.0,0.0,320.0,0.0,416.0,32.0,416.0,32.0,352.0,64.0,352.0,64.0,416.0,480.0,416.0,480.0,384.0,416.0,384.0,416.0,320.0,384.0,320.0,384.0,384.0,352.0,384.0,352.0,288.0,416.0,288.0,416.0,224.0,448.0,224.0,448.0,352.0,480.0,352.0,480.0,288.0,512.0,288.0,512.0,416.0,608.0,416.0,608.0,384.0,544.0,384.0,544.0,352.0" x="32.0" y="32.0"/>
        <p pts="4,672.0,480.0,0.0,480.0,0.0,0.0,672.0,0.0" x="0.0" y="0.0"/>
    </terrain>
    <atlases members="" retainAtlases="true"/>
</scene>
