<?xml version="1.0" encoding="UTF-8" standalone="no"?>
<scene depth="1" desc="" eventsnippetid="257" extheight="384" extwidth="544" extx="-32" exty="-32" format="3.4.0" gravx="-0.0" gravy="0.0" height="320" id="93" name="World 2" revision="" savecount="0" tiled="1" tileh="32" tilew="32" type="standard" width="480">
    <layers>
        <color-bg blue="255" green="255" red="255"/>
        <layer blendMode="normal" color="100,168,234" id="0" locked="false" name="Layer 0" opacity="100" order="0" scrollFactorX="1.0" scrollFactorY="1.0" visible="true"/>
    </layers>
    <joints/>
    <regions/>
    <terrainRegions/>
    <actors>
        <actor a="0.0" aid="32" c="false" group="3" id="323" name="17 32" sx="1.0" sy="1.0" x="122" y="54" z="0"/>
        <actor a="0.0" aid="33" c="false" group="3" id="341" name="18 33" sx="1.0" sy="1.0" x="206" y="54" z="0"/>
        <actor a="0.0" aid="34" c="false" group="3" id="343" name="19 34" sx="1.0" sy="1.0" x="290" y="54" z="0"/>
        <actor a="0.0" aid="35" c="false" group="3" id="345" name="20 35" sx="1.0" sy="1.0" x="374" y="54" z="0"/>
        <actor a="0.0" aid="36" c="false" group="3" id="347" name="21 36" sx="1.0" sy="1.0" x="38" y="141" z="0"/>
        <actor a="0.0" aid="37" c="false" group="3" id="349" name="22 37" sx="1.0" sy="1.0" x="122" y="141" z="0"/>
        <actor a="0.0" aid="38" c="false" group="3" id="325" name="23 38" sx="1.0" sy="1.0" x="206" y="141" z="0"/>
        <actor a="0.0" aid="39" c="false" group="3" id="327" name="24 39" sx="1.0" sy="1.0" x="291" y="141" z="0"/>
        <actor a="0.0" aid="40" c="false" group="3" id="329" name="25 40" sx="1.0" sy="1.0" x="374" y="141" z="0"/>
        <actor a="0.0" aid="41" c="false" group="3" id="331" name="26 41" sx="1.0" sy="1.0" x="38" y="228" z="0"/>
        <actor a="0.0" aid="42" c="false" group="3" id="333" name="27 42" sx="1.0" sy="1.0" x="122" y="228" z="0"/>
        <actor a="0.0" aid="43" c="false" group="3" id="335" name="28 43" sx="1.0" sy="1.0" x="206" y="228" z="0"/>
        <actor a="0.0" aid="44" c="false" group="3" id="337" name="29 44" sx="1.0" sy="1.0" x="290" y="228" z="0"/>
        <actor a="0.0" aid="45" c="false" group="3" id="339" name="30 45" sx="1.0" sy="1.0" x="374" y="228" z="0"/>
        <actor a="0.0" aid="46" c="false" group="3" id="351" name="Select a Level Copy 46" sx="1.0" sy="1.0" x="116" y="-7" z="0"/>
        <actor a="0.0" aid="30" c="false" group="3" id="174" name="Resume LEVEL SELECT 30" sx="1.0" sy="1.0" x="-8" y="-10" z="0"/>
        <actor a="0.0" aid="31" c="false" group="3" id="321" name="16 31" sx="1.0" sy="1.0" x="38" y="54" z="0"/>
    </actors>
    <snippets/>
    <terrain/>
    <atlases members="" retainAtlases="true"/>
</scene>
