<?xml version="1.0" encoding="UTF-8" standalone="no"?>
<scene depth="1" desc="" eventsnippetid="90" extheight="384" extwidth="544" extx="-32" exty="-32" format="3.4.0" gravx="-0.0" gravy="0.0" height="320" id="20" name="setting scene" revision="" savecount="0" tiled="1" tileh="32" tilew="32" type="standard" width="480">
    <layers>
        <color-bg blue="255" green="255" red="255"/>
        <layer blendMode="normal" color="100,168,234" id="0" locked="false" name="Layer 0" opacity="100" order="0" scrollFactorX="1.0" scrollFactorY="1.0" visible="true"/>
    </layers>
    <joints/>
    <regions/>
    <terrainRegions/>
    <actors>
        <actor a="0.0" aid="7" c="false" group="3" id="73" name="Resume 7" sx="1.0" sy="1.0" x="0" y="0" z="0"/>
        <actor a="0.0" aid="9" c="false" group="3" id="98" name="Sound mute 9" sx="1.0" sy="1.0" x="113" y="32" z="0"/>
        <actor a="0.0" aid="10" c="false" group="3" id="100" name="restore purchace 10" sx="1.0" sy="1.0" x="96" y="224" z="0"/>
        <actor a="0.0" aid="11" c="false" group="3" id="95" name="remove ads 11" sx="1.0" sy="1.0" x="96" y="128" z="0"/>
    </actors>
    <snippets/>
    <terrain/>
    <atlases members="" retainAtlases="true"/>
</scene>
