<?xml version="1.0" encoding="UTF-8" standalone="no"?>
<scenes>
    <scene desc="" format="3.4.0" id="3" name="Maze 2"/>
    <scene desc="" format="3.4.0" id="6" name="Maze 3"/>
    <scene desc="" format="3.4.0" id="7" name="Maze 4"/>
    <scene desc="" format="3.4.0" id="8" name="Maze 5"/>
    <scene desc="" format="3.4.0" id="15" name="Maze 1"/>
    <scene desc="" format="3.4.0" id="18" name="Start"/>
    <scene desc="" format="3.4.0" id="20" name="setting scene"/>
    <scene desc="" format="3.4.0" id="24" name="Credits scene"/>
    <scene desc="" format="3.4.0" id="25" name="World 1"/>
    <scene desc="" format="3.4.0" id="26" name="World Select Screen"/>
    <scene desc="" format="3.4.0" id="29" name="Maze 6"/>
    <scene desc="" format="3.4.0" id="30" name="Maze 7"/>
    <scene desc="" format="3.4.0" id="31" name="Maze 8"/>
    <scene desc="" format="3.4.0" id="32" name="Maze 9"/>
    <scene desc="" format="3.4.0" id="33" name="Maze 10"/>
    <scene desc="" format="3.4.0" id="34" name="Maze 11"/>
    <scene desc="" format="3.4.0" id="35" name="Maze 12"/>
    <scene desc="" format="3.4.0" id="36" name="Maze 13"/>
    <scene desc="" format="3.4.0" id="37" name="Maze 14"/>
    <scene desc="" format="3.4.0" id="38" name="Maze 15"/>
    <scene desc="" format="3.4.0" id="47" name="Level 16"/>
    <scene desc="" format="3.4.0" id="48" name="Level 17"/>
    <scene desc="" format="3.4.0" id="49" name="Level 18"/>
    <scene desc="" format="3.4.0" id="50" name="Level 19"/>
    <scene desc="" format="3.4.0" id="51" name="Level 20"/>
    <scene desc="" format="3.4.0" id="52" name="Level 21"/>
    <scene desc="" format="3.4.0" id="53" name="Level 22"/>
    <scene desc="" format="3.4.0" id="54" name="Level 23"/>
    <scene desc="" format="3.4.0" id="55" name="Level 24"/>
    <scene desc="" format="3.4.0" id="56" name="Level 25"/>
    <scene desc="" format="3.4.0" id="57" name="Level 26"/>
    <scene desc="" format="3.4.0" id="58" name="Level 27"/>
    <scene desc="" format="3.4.0" id="59" name="Level 28"/>
    <scene desc="" format="3.4.0" id="60" name="Level 29"/>
    <scene desc="" format="3.4.0" id="61" name="Level 30"/>
    <scene desc="" format="3.4.0" id="62" name="Level 31"/>
    <scene desc="" format="3.4.0" id="63" name="Level 32"/>
    <scene desc="" format="3.4.0" id="64" name="Level 33"/>
    <scene desc="" format="3.4.0" id="65" name="Level 34"/>
    <scene desc="" format="3.4.0" id="66" name="Level 35"/>
    <scene desc="" format="3.4.0" id="67" name="Level 36"/>
    <scene desc="" format="3.4.0" id="68" name="Level 37"/>
    <scene desc="" format="3.4.0" id="69" name="Level 38"/>
    <scene desc="" format="3.4.0" id="70" name="Level 39"/>
    <scene desc="" format="3.4.0" id="71" name="Level 40"/>
    <scene desc="" format="3.4.0" id="72" name="Level 41"/>
    <scene desc="" format="3.4.0" id="73" name="Level 42"/>
    <scene desc="" format="3.4.0" id="74" name="Level 43"/>
    <scene desc="" format="3.4.0" id="75" name="Level 44"/>
    <scene desc="" format="3.4.0" id="76" name="Level 45"/>
    <scene desc="" format="3.4.0" id="77" name="Level 46"/>
    <scene desc="" format="3.4.0" id="78" name="Level 47"/>
    <scene desc="" format="3.4.0" id="79" name="Level 48"/>
    <scene desc="" format="3.4.0" id="80" name="Level 49"/>
    <scene desc="" format="3.4.0" id="81" name="Level 50"/>
    <scene desc="" format="3.4.0" id="82" name="Level 51"/>
    <scene desc="" format="3.4.0" id="83" name="Level 52"/>
    <scene desc="" format="3.4.0" id="92" name="Splash Screen"/>
    <scene desc="" format="3.4.0" id="93" name="World 2"/>
    <scene desc="" format="3.4.0" id="94" name="World 3"/>
    <scene desc="" format="3.4.0" id="95" name="Level 53"/>
    <scene desc="" format="3.4.0" id="96" name="Level 54"/>
    <scene desc="" format="3.4.0" id="97" name="Level 55"/>
    <scene desc="" format="3.4.0" id="98" name="Level 56"/>
    <scene desc="" format="3.4.0" id="99" name="Level 57"/>
    <scene desc="" format="3.4.0" id="100" name="Level 58"/>
    <scene desc="" format="3.4.0" id="101" name="Level 59"/>
    <scene desc="" format="3.4.0" id="102" name="Level 60"/>
    <scene desc="" format="3.4.0" id="103" name="Level 61"/>
    <scene desc="" format="3.4.0" id="104" name="World 4"/>
    <scene desc="" format="3.4.0" id="105" name="Level 62"/>
    <scene desc="" format="3.4.0" id="106" name="Level 63"/>
    <scene desc="" format="3.4.0" id="107" name="Level 64"/>
    <scene desc="" format="3.4.0" id="108" name="Level 65"/>
    <scene desc="" format="3.4.0" id="109" name="Level 66"/>
    <scene desc="" format="3.4.0" id="110" name="Level 67"/>
    <scene desc="" format="3.4.0" id="111" name="Level 68"/>
    <scene desc="" format="3.4.0" id="112" name="Level 69"/>
    <scene desc="" format="3.4.0" id="113" name="Level 70"/>
    <scene desc="" format="3.4.0" id="114" name="Level 71"/>
    <scene desc="" format="3.4.0" id="115" name="Level 73"/>
    <scene desc="" format="3.4.0" id="116" name="Level 72"/>
    <scene desc="" format="3.4.0" id="117" name="Level 74"/>
    <scene desc="" format="3.4.0" id="118" name="Level 75"/>
    <scene desc="" format="3.4.0" id="119" name="Actor test level"/>
</scenes>
