<?xml version="1.0" encoding="UTF-8" standalone="no"?>
<scene depth="1" desc="" eventsnippetid="258" extheight="384" extwidth="544" extx="-32" exty="-32" format="3.4.0" gravx="-0.0" gravy="0.0" height="320" id="94" name="World 3" revision="" savecount="0" tiled="1" tileh="32" tilew="32" type="standard" width="480">
    <layers>
        <color-bg blue="255" green="255" red="255"/>
        <layer blendMode="normal" color="100,168,234" id="0" locked="false" name="Layer 0" opacity="100" order="0" scrollFactorX="1.0" scrollFactorY="1.0" visible="true"/>
    </layers>
    <joints/>
    <regions/>
    <terrainRegions/>
    <actors>
        <actor a="0.0" aid="32" c="false" group="3" id="377" name="32 32" sx="1.0" sy="1.0" x="122" y="54" z="0"/>
        <actor a="0.0" aid="33" c="false" group="3" id="395" name="33 33" sx="1.0" sy="1.0" x="206" y="54" z="0"/>
        <actor a="0.0" aid="34" c="false" group="3" id="397" name="34 34" sx="1.0" sy="1.0" x="290" y="54" z="0"/>
        <actor a="0.0" aid="35" c="false" group="3" id="379" name="35 35" sx="1.0" sy="1.0" x="374" y="54" z="0"/>
        <actor a="0.0" aid="36" c="false" group="3" id="381" name="36 36" sx="1.0" sy="1.0" x="38" y="141" z="0"/>
        <actor a="0.0" aid="37" c="false" group="3" id="383" name="37 37" sx="1.0" sy="1.0" x="122" y="141" z="0"/>
        <actor a="0.0" aid="38" c="false" group="3" id="385" name="38 38" sx="1.0" sy="1.0" x="206" y="141" z="0"/>
        <actor a="0.0" aid="39" c="false" group="3" id="387" name="39 39" sx="1.0" sy="1.0" x="290" y="141" z="0"/>
        <actor a="0.0" aid="40" c="false" group="3" id="389" name="40 40" sx="1.0" sy="1.0" x="374" y="141" z="0"/>
        <actor a="0.0" aid="41" c="false" group="3" id="391" name="41 41" sx="1.0" sy="1.0" x="38" y="228" z="0"/>
        <actor a="0.0" aid="42" c="false" group="3" id="393" name="42 42" sx="1.0" sy="1.0" x="122" y="228" z="0"/>
        <actor a="0.0" aid="43" c="false" group="3" id="399" name="43 43" sx="1.0" sy="1.0" x="206" y="228" z="0"/>
        <actor a="0.0" aid="44" c="false" group="3" id="401" name="44 44" sx="1.0" sy="1.0" x="290" y="228" z="0"/>
        <actor a="0.0" aid="45" c="false" group="3" id="403" name="45 45" sx="1.0" sy="1.0" x="374" y="228" z="0"/>
        <actor a="0.0" aid="46" c="false" group="3" id="405" name="Select a Level2 Copy 46" sx="1.0" sy="1.0" x="116" y="-7" z="0"/>
        <actor a="0.0" aid="30" c="false" group="3" id="174" name="Resume LEVEL SELECT 30" sx="1.0" sy="1.0" x="-8" y="-10" z="0"/>
        <actor a="0.0" aid="31" c="false" group="3" id="375" name="31 31" sx="1.0" sy="1.0" x="38" y="54" z="0"/>
    </actors>
    <snippets/>
    <terrain/>
    <atlases members="" retainAtlases="true"/>
</scene>
