<?xml version="1.0" encoding="UTF-8" standalone="no"?>
<scene depth="2" desc="" eventsnippetid="216" extheight="608" extwidth="800" extx="-32" exty="-32" format="3.4.0" gravx="-0.0" gravy="0.0" height="544" id="59" name="Level 28" revision="" savecount="0" tiled="1" tileh="32" tilew="32" type="standard" width="736">
    <layers>
        <color-bg blue="255" green="255" red="255"/>
        <layer blendMode="normal" color="100,168,234" id="0" locked="false" name="Floor" opacity="100" order="1" scrollFactorX="1.0" scrollFactorY="1.0" visible="true"/>
        <layer blendMode="normal" color="0,255,0" id="1" locked="false" name="Layer 1" opacity="100" order="0" scrollFactorX="1.0" scrollFactorY="1.0" visible="true"/>
    </layers>
    <joints/>
    <regions>
        <region b="64" g="64" h="25" id="0" name="Region 0" pts="4,28.0,0.0,28.0,25.0,0.0,25.0,0.0,0.0" r="64" type="box" w="28" x="673" y="482"/>
    </regions>
    <terrainRegions/>
    <actors>
        <actor a="0.0" aid="1" c="false" group="0" id="105" name="Green 1" sx="1.0" sy="1.0" x="32" y="32" z="1"/>
    </actors>
    <snippets>
        <s enabled="true" id="6">
            <prop id="1" list="0" val="0"/>
            <prop id="2" list="0" val="60"/>
            <prop id="4" list="0" val="1"/>
            <prop id="5" list="0" val="true"/>
            <prop id="6" list="0" val="28"/>
        </s>
        <s enabled="true" id="151">
            <prop id="1" list="0" val="-1"/>
            <prop id="2" list="0" val="-1"/>
            <prop id="3" list="0" val="-1"/>
            <prop id="5" list="0" val="-1"/>
            <prop id="6" list="0" val="-1"/>
            <prop id="7" list="0" val="-1"/>
            <prop id="8" list="0" val="-1"/>
            <prop id="9" list="0" val="-1"/>
        </s>
        <s enabled="true" id="45"/>
    </snippets>
    <terrain>
        <p pts="4,736.0,544.0,0.0,544.0,0.0,0.0,736.0,0.0" x="0.0" y="0.0"/>
        <p pts="138,672.0,480.0,672.0,192.0,608.0,192.0,608.0,96.0,640.0,96.0,640.0,160.0,672.0,160.0,672.0,0.0,576.0,0.0,576.0,32.0,640.0,32.0,640.0,64.0,480.0,64.0,480.0,32.0,544.0,32.0,544.0,0.0,448.0,0.0,448.0,64.0,416.0,64.0,416.0,0.0,128.0,0.0,128.0,32.0,320.0,32.0,320.0,64.0,128.0,64.0,128.0,128.0,32.0,128.0,32.0,96.0,96.0,96.0,96.0,64.0,32.0,64.0,32.0,32.0,96.0,32.0,96.0,0.0,0.0,0.0,0.0,160.0,160.0,160.0,160.0,96.0,192.0,96.0,192.0,192.0,0.0,192.0,0.0,224.0,64.0,224.0,64.0,256.0,0.0,256.0,0.0,288.0,96.0,288.0,96.0,224.0,128.0,224.0,128.0,352.0,160.0,352.0,160.0,224.0,192.0,224.0,192.0,416.0,288.0,416.0,288.0,320.0,256.0,320.0,256.0,384.0,224.0,384.0,224.0,288.0,288.0,288.0,288.0,224.0,320.0,224.0,320.0,352.0,416.0,352.0,416.0,320.0,352.0,320.0,352.0,224.0,448.0,224.0,448.0,256.0,384.0,256.0,384.0,288.0,448.0,288.0,448.0,384.0,384.0,384.0,384.0,448.0,352.0,448.0,352.0,384.0,320.0,384.0,320.0,448.0,96.0,448.0,96.0,416.0,160.0,416.0,160.0,384.0,96.0,384.0,96.0,320.0,0.0,320.0,0.0,352.0,64.0,352.0,64.0,384.0,0.0,384.0,0.0,480.0,32.0,480.0,32.0,416.0,64.0,416.0,64.0,480.0,416.0,480.0,416.0,416.0,608.0,416.0,608.0,320.0,512.0,320.0,512.0,352.0,576.0,352.0,576.0,384.0,480.0,384.0,480.0,192.0,256.0,192.0,256.0,256.0,224.0,256.0,224.0,96.0,256.0,96.0,256.0,160.0,416.0,160.0,416.0,128.0,288.0,128.0,288.0,96.0,352.0,96.0,352.0,32.0,384.0,32.0,384.0,96.0,512.0,96.0,512.0,128.0,448.0,128.0,448.0,160.0,544.0,160.0,544.0,96.0,576.0,96.0,576.0,256.0,544.0,256.0,544.0,192.0,512.0,192.0,512.0,288.0,608.0,288.0,608.0,224.0,640.0,224.0,640.0,448.0,448.0,448.0,448.0,480.0" x="32.0" y="32.0"/>
    </terrain>
    <atlases members="" retainAtlases="true"/>
</scene>
