<?xml version="1.0" encoding="UTF-8" standalone="no"?>
<scene depth="1" desc="" eventsnippetid="86" extheight="384" extwidth="544" extx="-32" exty="-32" format="3.4.0" gravx="-0.0" gravy="0.0" height="320" id="18" name="Start" revision="" savecount="0" tiled="1" tileh="32" tilew="32" type="standard" width="480">
    <layers>
        <color-bg blue="255" green="255" red="255"/>
        <layer blendMode="normal" color="100,168,234" id="0" locked="false" name="Layer 0" opacity="100" order="0" scrollFactorX="1.0" scrollFactorY="1.0" visible="true"/>
    </layers>
    <joints/>
    <regions/>
    <terrainRegions/>
    <actors>
        <actor a="0.0" aid="5" c="false" group="3" id="130" name="Settin Copy 5" sx="1.0" sy="1.0" x="447" y="286" z="0"/>
        <actor a="0.0" aid="7" c="false" group="3" id="132" name="Settin Copy Copy 7" sx="1.0" sy="1.0" x="2" y="287" z="0"/>
        <actor a="0.0" aid="8" c="false" group="3" id="102" name="logoo 8" sx="1.0" sy="1.0" x="-6" y="-28" z="0"/>
        <actor a="0.0" aid="9" c="false" group="3" id="89" name="Start Button 9" sx="1.0" sy="1.0" x="100" y="206" z="0"/>
    </actors>
    <snippets>
        <s enabled="true" id="75"/>
    </snippets>
    <terrain/>
    <atlases members="" retainAtlases="true"/>
</scene>
